<?xml version="1.0" encoding="UTF-8"?>
<!-- Auto-generated by AVM Model Generator. Please do not modify this file manually.
-->
<!--
FRITZOS 07.25 StorageService Service Object

Notice:
19.01.2021
Created Revision for FRITZ!OS 7.25

13.11.2014
Initial version.
-->
<dm:document xmlns:dm="urn:broadband-forum-org:cwmp:datamodel-1-5" 
xmlns:dmr="urn:broadband-forum-org:cwmp:datamodel-report-0-1" 
xmlns:xsi="http://www.w3.org/2001/XMLSchema-instance" 
xsi:schemaLocation="urn:broadband-forum-org:cwmp:datamodel-1-5 http://www.broadband-forum.org/cwmp/cwmp-datamodel-1-5.xsd urn:broadband-forum-org:cwmp:datamodel-report-0-1 http://www.broadband-forum.org/cwmp/cwmp-datamodel-report.xsd" 
spec="urn:avm-de:fritzos-TR140-7-25-0">
  <description>
    StorageService:1.2 Service Object
  </description>
  <dataType name="IPAddress">
    <description>IP address, i.e. IPv4 address (or IPv4 subnet mask) or IPv6 address.
All IPv4 addresses and subnet masks MUST be represented as strings in IPv4 dotted-decimal notation.  Here are some examples of valid IPv4 address textual representations:
* 216.52.29.100
* 192.168.1.254
All IPv6 addresses MUST be represented using any of the 3 standard textual representations defined in {{bibref|RFC4291}} Sections 2.2.1, 2.2.2 and 2.2.3.  Both lower-case and upper-case letters can be used, but use of lower-case letters is RECOMMENDED.  Here are some examples of valid IPv6 address textual representations:
* 1080:0:0:800:ba98:3210:11aa:12dd
* 1080::800:ba98:3210:11aa:12dd
* 0:0:0:0:0:0:13.1.68.3
IPv6 addresses MUST NOT include zone identifiers. Zone identifiers are discussed in {{bibref|RFC4007|Section 6}}.
Unspecified or inapplicable addresses (or IPv4 subnet masks) MUST be represented as empty strings unless otherwise specified by the parameter definition.</description>
    <string>
      <size maxLength="45"/>
    </string>
  </dataType>
  <dataType name="IPv4Address" base="IPAddress">
    <description>IPv4 address (or subnet mask).
Can be any IPv4 address that is permitted by the ''IPAddress'' data type.</description>
    <size maxLength="15"/>
    <pattern value=""/>
    <pattern value="((25[0-5]|2[0-4][0-9]|[01]?[0-9]?[0-9])\.){3}(25[0-5]|2[0-4][0-9]|[01]?[0-9]?[0-9])"/>
  </dataType>
  <dataType name="IPv6Address" base="IPAddress">
    <description>IPv6 address.
Can be any IPv6 address that is permitted by the ''IPAddress'' data type.</description>
  </dataType>
  <dataType name="IPPrefix">
    <description>IPv4 or IPv6 routing prefix in Classless Inter-Domain Routing (CIDR) notation {{bibref|RFC4632}}. This is specified as an IP address followed by an appended "/n" suffix, where ''n'' (the prefix size) is an integer in the range 0-32 (for IPv4) or 0-128 (for IPv6) that indicates the number of (leftmost) '1' bits of the routing prefix. 
* IPv4 example: 192.168.1.0/24
* IPv6 example: 2001:edff:fe6a:f76::/64
If the IP address part is unspecified or inapplicable, it MUST be {{empty}} unless otherwise specified by the parameter definition.  In this case the IP prefix will be of the form "/n".
If the entire IP prefix is unspecified or inapplicable, it MUST be {{empty}} unless otherwise specified by the parameter definition.</description>
    <string>
      <size maxLength="49"/>
    </string>
  </dataType>
  <dataType name="IPv4Prefix" base="IPPrefix">
    <description>IPv4 address prefix. 
Can be any IPv4 prefix that is permitted by the ''IPPrefix'' data type.</description>
    <size maxLength="18"/>
    <pattern value=""/>
    <pattern value="/(3[0-2]|[012]?[0-9])"/>
    <pattern value="((25[0-5]|2[0-4][0-9]|[01]?[0-9]?[0-9])\.){3}(25[0-5]|2[0-4][0-9]|[01]?[0-9]?[0-9])/(3[0-2]|[012]?[0-9])"/>
  </dataType>
  <dataType name="IPv6Prefix" base="IPPrefix">
    <description>IPv6 address prefix.
Can be any IPv6 prefix that is permitted by the ''IPPrefix'' data type.</description>
  </dataType>
  <dataType name="MACAddress">
    <description>All MAC addresses are represented as strings of 12 hexadecimal digits (digits 0-9, letters A-F or a-f) displayed as six pairs of digits separated by colons.  Unspecified or inapplicable MAC addresses MUST be represented as empty strings unless otherwise specified by the parameter definition.</description>
    <string>
      <pattern value=""/>
      <pattern value="([0-9A-Fa-f][0-9A-Fa-f]:){5}([0-9A-Fa-f][0-9A-Fa-f])"/>
      <size maxLength="17"/>
    </string>
  </dataType>
  <dataType name="StatsCounter32">
    <description>A 32-bit statistics parameter, e.g. a byte counter.
This data type SHOULD NOT be used for statistics parameters whose values might become greater than the maximum value that can be represented as an ''unsignedInt'' (i.e. 0xffffffff, referred to below as ''maxval''). ''StatsCounter64'' SHOULD be used for such parameters.
The value ''maxval'' indicates that no data is available for this parameter.  In the unlikely event that the actual value of the statistic is ''maxval'', the CPE SHOULD return ''maxval - 1''.
The actual value of the statistic might be greater than ''maxval''. Such values SHOULD wrap around through zero.
The term ''packet'' is to be interpreted as the transmission unit appropriate to the protocol layer in question, e.g. an IP packet or an Ethernet frame.</description>
    <unsignedInt/>
  </dataType>
  <dataType name="StatsCounter64">
    <description>A 64-bit statistics parameter, e.g. a byte counter.
This data type SHOULD be used for all statistics parameters whose values might become greater than the maximum value that can be represented as an ''unsignedInt''.
The maximum value that can be represented as an ''unsignedLong'' (i.e. 0xffffffffffffffff) indicates that no data is available for this parameter.
The term ''packet'' is to be interpreted as the transmission unit appropriate to the protocol layer in question, e.g. an IP packet or an Ethernet frame.</description>
    <unsignedLong/>
  </dataType>
  <dataType name="Alias">
    <description>
A non-volatile handle used to reference this instance. Alias provides a mechanism for an ACS to label this instance for future reference.
If the CPE supports the Alias-based Addressing feature as defined in {{bibref|TR-069a4|3.6.1}} and described in {{bibref|TR-069a4|Appendix II}}, the following mandatory constraints MUST be enforced:
*Its value MUST NOT be empty.
*Its value MUST start with a letter.
*If its value is not assigned by the ACS, it MUST start with a "cpe-" prefix.
*The CPE MUST NOT change the parameter value.
    </description>
    <string>
      <size maxLength="64"/>
    </string>
  </dataType>
  <dataType name="Dbm1000">
    <description>The value is measured in ''dBm/1000'', i.e. the value divided by 1000 is dB relative to 1 mW.  For example, -12345 means -12.345 dBm, 0 means 0 dBm (1 mW) and 12345 means 12.345 dBm.</description>
    <int/>
  </dataType>
  <dataType name="UUID">
    <description>
      Universally Unique Identifier.  See {{bibref|RFC4122}}.
    </description>
    <string>
      <pattern value="[A-Fa-f0-9]{8}-[A-Fa-f0-9]{4}-[A-Fa-f0-9]{4}-[A-Fa-f0-9]{4}-[A-Fa-f0-9]{12}"/>
      <size minLength="36" maxLength="36"/>
    </string>
  </dataType>
  <dataType name="IEEE_EUI64">
    <description>The IEEE EUI 64-bit identifier as defined in {{bibref|EUI64}}. The IEEE defined 64-bit extended unique identifier (EUI-64) is a concatenation of:
* The 24-bit (OUI-24) or 36-bit (OUI-36) company_id value assigned by the IEEE Registration Authority (IEEE-RA), and
* The extension identifier (40 bits for OUI-24 or 28 bits for OUI-36) assigned by the organization with that company_id assignment.
    </description>
    <string>
      <pattern value=""/>
      <pattern value="([0-9A-Fa-f][0-9A-Fa-f]:){7}([0-9A-Fa-f][0-9A-Fa-f])"/>
      <size maxLength="23"/>
    </string>
  </dataType>
  <dataType name="ZigBeeNetworkAddress">
    <description>The ZigBee 16-bit network address (NWK) as defined in {{bibref|ZigBee2007}}. The address is assigned to a device by the network layer and used by the network layer for routing messages between devices.
    </description>
    <string>
      <pattern value=""/>
      <pattern value="([0-9A-Fa-f]){4}"/>
      <size maxLength="4"/>
    </string>
  </dataType>
  <bibliography>
    <reference id="RFC4122">
      <name>RFC 4122</name>
      <title>A Universally Unique IDentifier (UUID) URN Namespace</title>
      <organization>IETF</organization>
      <category>RFC</category>
      <date>2005</date>
      <hyperlink>http://tools.ietf.org/html/rfc4122</hyperlink>
    </reference>
    <reference id="RFC4291">
      <name>RFC 4291</name>
      <title>IP Version 6 Addressing Architecture</title>
      <organization>IETF</organization>
      <category>RFC</category>
      <date>2006</date>
      <hyperlink>http://tools.ietf.org/html/rfc4291</hyperlink>
    </reference>
    <reference id="RFC4632">
      <name>RFC 4632</name>
      <title>Classless Inter-domain Routing (CIDR): The Internet Address Assignment and Aggregation Plan</title>
      <organization>IETF</organization>
      <category>RFC</category>
      <date>2006</date>
      <hyperlink>http://tools.ietf.org/html/rfc4632</hyperlink>
    </reference>
    <reference id="SOAP1.1">
      <name>Simple Object Access Protocol (SOAP) 1.1</name>
      <organization>W3C</organization>
      <hyperlink>http://www.w3.org/TR/2000/NOTE-SOAP-20000508</hyperlink>
    </reference>
    <reference id="TR-069a4">
      <name>TR-069 Amendment 4</name>
      <title>CPE WAN Management Protocol</title>
      <organization>Broadband Forum</organization>
      <category>Technical Report</category>
      <date>2011</date>
      <hyperlink>/technical/download/TR-069_Amendment-4.pdf</hyperlink>
    </reference>
    <reference id="TR-106">
      <name>TR-106</name>
      <title>Data Model Template for TR-069-Enabled Devices</title>
      <organization>Broadband Forum</organization>
      <category>Technical Report</category>
      <date>2005</date>
      <hyperlink>/technical/download/TR-106.pdf</hyperlink>
    </reference>
    <reference id="TR-106a7">
      <name>TR-106 Amendment 7</name>
      <title>Data Model Template for TR-069-Enabled Devices</title>
      <organization>Broadband Forum</organization>
      <category>Technical Report</category>
      <date>2013</date>
      <hyperlink>/technical/download/TR-106_Amendment-7.pdf</hyperlink>
    </reference>
    <reference id="ZigBee2007">
      <name>ZigBee 2007 Specification</name>
      <title>ZigBee 2007 Specification</title>
      <organization>ZigBee Alliance</organization>
      <date>October 2007</date>
      <hyperlink>http://www.zigbee.org/Specifications/ZigBee/download.aspx</hyperlink>
    </reference>
  </bibliography>
  <model name="FRITZOS:7.25" isService="true">
    <description>FRITZ!Box, DSL</description>
    <object name="StorageService.{i}." access="readOnly" minEntries="0" maxEntries="unbounded" dmr:version="6.20">
      <parameter name="Enable" access="readWrite" dmr:version="6.20">
        <description>returns always true</description>
        <syntax>
          <boolean/>
        </syntax>
      </parameter>
      <parameter name="PhysicalMediumNumberOfEntries" access="readOnly" dmr:version="6.20">
        <syntax>
          <unsignedInt/>
        </syntax>
      </parameter>
      <parameter name="LogicalVolumeNumberOfEntries" access="readOnly" dmr:version="6.20">
        <syntax>
          <unsignedInt/>
        </syntax>
      </parameter>
      <parameter name="UserAccountNumberOfEntries" access="readOnly" dmr:version="6.20">
        <syntax>
          <unsignedInt/>
        </syntax>
      </parameter>
    </object>
    <object name="StorageService.{i}.Capabilities." access="readOnly" minEntries="1" maxEntries="1" dmr:version="6.20">
      <parameter name="FTPCapable" access="readOnly" dmr:version="6.20">
        <description>FTP supported</description>
        <syntax>
          <boolean/>
        </syntax>
      </parameter>
      <parameter name="SFTPCapable" access="readOnly" dmr:version="6.20">
        <description>SFTP not supported</description>
        <syntax>
          <boolean/>
        </syntax>
      </parameter>
      <parameter name="HTTPCapable" access="readOnly" dmr:version="6.20">
        <description>HTTP not supported</description>
        <syntax>
          <boolean/>
        </syntax>
      </parameter>
      <parameter name="HTTPSCapable" access="readOnly" dmr:version="6.20">
        <description>HTTPS not supported </description>
        <syntax>
          <boolean/>
        </syntax>
      </parameter>
      <parameter name="HTTPWritable" access="readOnly" dmr:version="6.20">
        <description>HTTPWritable not supported</description>
        <syntax>
          <boolean/>
        </syntax>
      </parameter>
      <parameter name="SupportedNetworkProtocols" access="readOnly" dmr:version="6.20">
        <description>"SMB"</description>
        <syntax>
          <list/>
          <string>
            <enumeration version="1.0" value="SMB"/>
            <enumeration version="1.0" value="NFS"/>
            <enumeration version="1.0" value="AFP"/>
          </string>
        </syntax>
      </parameter>
      <parameter name="SupportedFileSystemTypes" access="readOnly" dmr:version="6.20">
        <description>"FAT16,FAT32,NTFS"</description>
        <syntax>
          <list/>
          <string>
            <enumeration version="1.0" value="FAT16"/>
            <enumeration version="1.0" value="FAT32"/>
            <enumeration version="1.0" value="NTFS"/>
            <enumeration version="1.0" value="HFS"/>
            <enumeration version="1.0" value="HFS+"/>
            <enumeration version="1.0" value="HSFJ"/>
            <enumeration version="1.0" value="ext2"/>
            <enumeration version="1.0" value="ext3"/>
            <enumeration version="1.0" value="XFS"/>
            <enumeration version="1.0" value="REISER"/>
          </string>
        </syntax>
      </parameter>
      <parameter name="VolumeEncryptionCapable" access="readOnly" dmr:version="6.20">
        <description>VolumeEncryption not supported</description>
        <syntax>
          <boolean/>
        </syntax>
      </parameter>
    </object>
    <object name="StorageService.{i}.NetInfo." access="readOnly" minEntries="1" maxEntries="1" dmr:version="6.20">
      <parameter name="HostName" access="readWrite" dmr:version="6.20">
        <syntax>
          <string>
            <size maxLength="64"/>
          </string>
        </syntax>
      </parameter>
      <parameter name="DomainName" access="readWrite" dmr:version="6.20">
        <syntax>
          <string>
            <size maxLength="255"/>
          </string>
        </syntax>
      </parameter>
    </object>
    <object name="StorageService.{i}.UserAccount.{i}." access="readWrite" minEntries="0" maxEntries="unbounded" numEntriesParameter="UserAccountNumberOfEntries" enableParameter="Enable" dmr:version="6.20">
      <uniqueKey>
        <parameter ref="Username"/>
      </uniqueKey>
      <parameter name="Enable" access="readWrite" dmr:version="6.20">
        <syntax>
          <boolean/>
          <default type="object" value="false"/>
        </syntax>
      </parameter>
      <parameter name="Username" access="readWrite" dmr:version="6.20">
        <syntax>
          <string>
            <size maxLength="64"/>
          </string>
          <default type="object" value=""/>
        </syntax>
      </parameter>
      <parameter name="Password" access="readWrite" dmr:version="6.20">
        <syntax hidden="true">
          <string>
            <size maxLength="64"/>
          </string>
        </syntax>
      </parameter>
    </object>
    <object name="StorageService.{i}.NetworkServer." access="readOnly" minEntries="1" maxEntries="1" dmr:version="6.20">
      <parameter name="AFPEnable" access="readWrite" dmr:version="6.20">
        <description>AFP not supported, cannot be enabled </description>
        <syntax>
          <boolean/>
        </syntax>
      </parameter>
      <parameter name="NFSEnable" access="readWrite" dmr:version="6.20">
        <description>NFS not supported, cannot be enabled</description>
        <syntax>
          <boolean/>
        </syntax>
      </parameter>
      <parameter name="SMBEnable" access="readWrite" dmr:version="6.20">
        <syntax>
          <boolean/>
        </syntax>
      </parameter>
      <parameter name="NetworkProtocolAuthReq" access="readWrite" dmr:version="6.20">
        <description>cannot be disabled</description>
        <syntax>
          <boolean/>
        </syntax>
      </parameter>
    </object>
    <object name="StorageService.{i}.FTPServer." access="readOnly" minEntries="1" maxEntries="1" dmr:version="6.20">
      <parameter name="Enable" access="readWrite" dmr:version="6.20">
        <syntax>
          <boolean/>
        </syntax>
      </parameter>
      <parameter name="Status" access="readOnly" dmr:version="6.20">
        <description>"Enabled", "Disabled", "Error"</description>
        <syntax>
          <string>
            <enumeration version="1.0" value="Enabled"/>
            <enumeration version="1.0" value="Disabled"/>
            <enumeration version="1.0" value="Error"/>
          </string>
        </syntax>
      </parameter>
      <parameter name="MaxNumUsers" access="readWrite" dmr:version="6.20">
        <description>default is 32</description>
        <syntax>
          <unsignedInt>
            <range minInclusive="1" maxInclusive="32"/>
          </unsignedInt>
        </syntax>
      </parameter>
      <parameter name="IdleTime" access="readWrite" dmr:version="6.20">
        <description>default is 120</description>
        <syntax>
          <unsignedInt>
            <range minInclusive="0" maxInclusive="600"/>
            <units value="seconds"/>
          </unsignedInt>
        </syntax>
      </parameter>
      <parameter name="PortNumber" access="readWrite" dmr:version="6.20">
        <description>default is 21</description>
        <syntax>
          <unsignedInt>
            <range minInclusive="0" maxInclusive="65535"/>
          </unsignedInt>
          <default type="factory" value="21"/>
        </syntax>
      </parameter>
    </object>
    <object name="StorageService.{i}.FTPServer.AnonymousUser." access="readOnly" minEntries="1" maxEntries="1" dmr:version="6.20">
      <description>Anonymous User not supported</description>
      <parameter name="Enable" access="readWrite" dmr:version="6.20">
        <syntax>
          <boolean/>
        </syntax>
      </parameter>
      <parameter name="StartingFolder" access="readWrite" dmr:version="6.20">
        <syntax>
          <string>
            <size maxLength="256"/>
            <pathRef refType="weak" targetParent=".LogicalVolume.{i}.Folder." targetType="row"/>
          </string>
        </syntax>
      </parameter>
      <parameter name="ReadOnlyAccess" access="readWrite" dmr:version="6.20">
        <syntax>
          <boolean/>
        </syntax>
      </parameter>
    </object>
    <object name="StorageService.{i}.HTTPServer." access="readOnly" minEntries="1" maxEntries="1" dmr:version="6.20">
      <description>HTTP not yet supported</description>
      <parameter name="Enable" access="readWrite" dmr:version="6.20">
        <description>Enable = true not supported</description>
        <syntax>
          <boolean/>
        </syntax>
      </parameter>
      <parameter name="Status" access="readOnly" dmr:version="6.20">
        <syntax>
          <string>
            <enumeration version="1.0" value="Enabled"/>
            <enumeration version="1.0" value="Disabled"/>
            <enumeration version="1.0" value="Error"/>
          </string>
        </syntax>
      </parameter>
      <parameter name="MaxNumUsers" access="readWrite" dmr:version="6.20">
        <syntax>
          <unsignedInt>
            <range minInclusive="1" maxInclusive="32"/>
          </unsignedInt>
        </syntax>
      </parameter>
      <parameter name="IdleTime" access="readWrite" dmr:version="6.20">
        <syntax>
          <unsignedInt>
            <range minInclusive="0" maxInclusive="600"/>
            <units value="seconds"/>
          </unsignedInt>
        </syntax>
      </parameter>
      <parameter name="HTTPWritingEnabled" access="readOnly" dmr:version="6.20">
        <syntax>
          <boolean/>
        </syntax>
      </parameter>
      <parameter name="PortNumber" access="readWrite" dmr:version="6.20">
        <syntax>
          <unsignedInt>
            <range minInclusive="0" maxInclusive="65535"/>
          </unsignedInt>
          <default type="factory" value="80"/>
        </syntax>
      </parameter>
      <parameter name="AuthenticationReq" access="readWrite" dmr:version="6.20">
        <syntax>
          <boolean/>
        </syntax>
      </parameter>
    </object>
    <object name="StorageService.{i}.PhysicalMedium.{i}." access="readOnly" minEntries="0" maxEntries="unbounded" numEntriesParameter="PhysicalMediumNumberOfEntries" dmr:version="6.20">
      <description>Details see Spec. TR-140</description>
      <uniqueKey>
        <parameter ref="Name"/>
        <parameter ref="Vendor"/>
        <parameter ref="Model"/>
        <parameter ref="SerialNumber"/>
      </uniqueKey>
      <parameter name="Capacity" access="readOnly" dmr:version="6.20">
        <syntax>
          <unsignedInt>
            <units value="MB"/>
          </unsignedInt>
        </syntax>
      </parameter>
      <parameter name="ConnectionType" access="readOnly" dmr:version="6.20">
        <syntax>
          <string>
            <enumeration version="1.0" value="USB 1.1"/>
            <enumeration version="1.0" value="USB 2.0"/>
            <enumeration version="1.0" value="IEEE1394"/>
            <enumeration version="1.0" value="IEEE1394b"/>
            <enumeration version="1.0" value="IDE"/>
            <enumeration version="1.0" value="EIDE"/>
            <enumeration version="1.0" value="ATA/33"/>
            <enumeration version="1.0" value="ATA/66"/>
            <enumeration version="1.0" value="ATA/100"/>
            <enumeration version="1.0" value="ATA/133"/>
            <enumeration version="1.0" value="SATA/150"/>
            <enumeration version="1.0" value="SATA/300"/>
            <enumeration version="1.0" value="SCSI-1"/>
            <enumeration version="1.0" value="Fast SCSI"/>
            <enumeration version="1.0" value="Fast-Wide SCSI"/>
            <enumeration version="1.0" value="Ultra SCSI"/>
            <enumeration version="1.0" value="Ultra Wide SCSI"/>
            <enumeration version="1.0" value="Ultra2 SCSI"/>
            <enumeration version="1.0" value="Ultra2 Wide SCSI"/>
            <enumeration version="1.0" value="Ultra3 SCSI"/>
            <enumeration version="1.0" value="Ultra-320 SCSI"/>
            <enumeration version="1.0" value="Ultra-640 SCSI"/>
            <enumeration version="1.0" value="SSA"/>
            <enumeration version="1.0" value="SSA-40"/>
            <enumeration version="1.0" value="Fibre Channel"/>
          </string>
        </syntax>
      </parameter>
      <parameter name="FirmwareVersion" access="readOnly" dmr:version="6.20">
        <syntax>
          <string>
            <size maxLength="64"/>
          </string>
        </syntax>
      </parameter>
      <parameter name="HotSwappable" access="readOnly" dmr:version="6.20">
        <description>returns false</description>
        <syntax>
          <boolean/>
        </syntax>
      </parameter>
      <parameter name="Model" access="readOnly" dmr:version="6.20">
        <syntax>
          <string>
            <size maxLength="128"/>
          </string>
        </syntax>
      </parameter>
      <parameter name="Name" access="readWrite" dmr:version="6.20">
        <syntax>
          <string>
            <size maxLength="64"/>
          </string>
        </syntax>
      </parameter>
      <parameter name="Removable" access="readOnly" dmr:version="6.20">
        <description>returns true</description>
        <syntax>
          <boolean/>
        </syntax>
      </parameter>
      <parameter name="SerialNumber" access="readOnly" dmr:version="6.20">
        <syntax>
          <string>
            <size maxLength="64"/>
          </string>
        </syntax>
      </parameter>
      <parameter name="SMARTCapable" access="readOnly" dmr:version="6.20">
        <syntax>
          <boolean/>
        </syntax>
      </parameter>
      <parameter name="Status" access="readOnly" dmr:version="6.20">
        <syntax>
          <string>
            <enumeration version="1.0" value="Online"/>
            <enumeration version="1.0" value="Standby"/>
            <enumeration version="1.0" value="Offline"/>
          </string>
        </syntax>
      </parameter>
      <parameter name="Vendor" access="readOnly" dmr:version="6.20">
        <syntax>
          <string>
            <size maxLength="64"/>
          </string>
        </syntax>
      </parameter>
    </object>
    <object name="StorageService.{i}.LogicalVolume.{i}." access="readWrite" minEntries="0" maxEntries="unbounded" numEntriesParameter="LogicalVolumeNumberOfEntries" enableParameter="Enable" dmr:version="6.20">
      <description>Details see Spec. TR-140</description>
      <uniqueKey>
        <parameter ref="Name"/>
      </uniqueKey>
      <parameter name="Name" access="readWrite" dmr:version="6.20">
        <syntax>
          <string>
            <size maxLength="64"/>
          </string>
          <default type="object" value=""/>
        </syntax>
      </parameter>
      <parameter name="Status" access="readOnly" dmr:version="6.20">
        <syntax>
          <string>
            <enumeration version="1.0" value="Offline"/>
            <enumeration version="1.0" value="Online"/>
            <enumeration version="1.0" value="Error"/>
          </string>
          <default type="object" value="Offline"/>
        </syntax>
      </parameter>
      <parameter name="Enable" access="readWrite" dmr:version="6.20">
        <syntax>
          <boolean/>
          <default type="object" value="false"/>
        </syntax>
      </parameter>
      <parameter name="PhysicalReference" access="readWrite" dmr:version="6.20">
        <syntax>
          <string>
            <size maxLength="256"/>
            <pathRef refType="weak" targetParent=".PhysicalMedium. .StorageArray." targetType="row"/>
          </string>
        </syntax>
      </parameter>
      <parameter name="FileSystem" access="readOnly" dmr:version="6.20">
        <syntax>
          <string>
            <enumerationRef targetParam=".Capabilities.SupportedFileSystemTypes"/>
          </string>
        </syntax>
      </parameter>
      <parameter name="Capacity" access="readWrite" dmr:version="6.20">
        <syntax>
          <unsignedInt>
            <units value="MB"/>
          </unsignedInt>
        </syntax>
      </parameter>
      <parameter name="UsedSpace" access="readOnly" activeNotify="canDeny" dmr:version="6.20">
        <syntax>
          <unsignedInt>
            <units value="MB"/>
          </unsignedInt>
        </syntax>
      </parameter>
      <parameter name="Encrypted" access="readOnly" dmr:version="6.20">
        <syntax>
          <boolean/>
        </syntax>
      </parameter>
      <parameter name="FolderNumberOfEntries" access="readOnly" dmr:version="6.20">
        <syntax>
          <unsignedInt/>
        </syntax>
      </parameter>
    </object>
    <object name="StorageService.{i}.LogicalVolume.{i}.Folder.{i}." access="readWrite" minEntries="0" maxEntries="unbounded" numEntriesParameter="FolderNumberOfEntries" enableParameter="Enable" dmr:version="6.20">
      <description>Details see Spec. TR-140</description>
      <uniqueKey>
        <parameter ref="Name"/>
      </uniqueKey>
      <parameter name="Name" access="readWrite" dmr:version="6.20">
        <syntax>
          <string>
            <size maxLength="64"/>
          </string>
          <default type="object" value=""/>
        </syntax>
      </parameter>
      <parameter name="Enable" access="readWrite" dmr:version="6.20">
        <syntax>
          <boolean/>
          <default type="object" value="false"/>
        </syntax>
      </parameter>
      <parameter name="UserAccountAccess" access="readWrite" dmr:version="6.20">
        <syntax>
          <unsignedInt>
            <range minInclusive="0" maxInclusive="3"/>
          </unsignedInt>
          <default type="object" value="2"/>
        </syntax>
      </parameter>
      <parameter name="UserAccessNumberOfEntries" access="readOnly" dmr:version="6.20">
        <syntax>
          <unsignedInt/>
        </syntax>
      </parameter>
    </object>
    <object name="StorageService.{i}.LogicalVolume.{i}.Folder.{i}.UserAccess.{i}." access="readWrite" minEntries="0" maxEntries="unbounded" numEntriesParameter="UserAccessNumberOfEntries" dmr:version="6.20">
      <description>Details see Spec. TR-140</description>
      <uniqueKey>
        <parameter ref="UserReference"/>
      </uniqueKey>
      <parameter name="UserReference" access="readWrite" dmr:version="6.20">
        <syntax>
          <string>
            <size maxLength="256"/>
            <pathRef refType="weak" targetParent=".UserAccount." targetType="row"/>
          </string>
          <default type="object" value=""/>
        </syntax>
      </parameter>
      <parameter name="Permissions" access="readWrite" dmr:version="6.20">
        <syntax>
          <unsignedInt>
            <range minInclusive="0" maxInclusive="7"/>
          </unsignedInt>
          <default type="object" value="7"/>
        </syntax>
      </parameter>
    </object>
    <object name="StorageService.{i}.X_AVM-DE_WebDAVClient.{i}." access="readWrite" minEntries="0" maxEntries="unbounded" dmr:version="6.20">
      <description>needs AVM TR-069 Stack Version &gt;= 12.03.01</description>
      <parameter name="Enable" access="readWrite" dmr:version="6.20">
        <syntax>
          <boolean/>
        </syntax>
      </parameter>
      <parameter name="HostURL" access="readWrite" dmr:version="6.20">
        <syntax>
          <string/>
        </syntax>
      </parameter>
      <parameter name="Username" access="readWrite" dmr:version="6.20">
        <syntax>
          <string/>
        </syntax>
      </parameter>
      <parameter name="Password" access="readWrite" dmr:version="6.20">
        <syntax>
          <string/>
        </syntax>
      </parameter>
      <parameter name="MountpointName" access="readWrite" dmr:version="6.20">
        <description>needs AVM TR-069 Stack Version &gt;=13.04.02</description>
        <syntax>
          <string/>
        </syntax>
      </parameter>
    </object>
    <profile name="Baseline:1" dmr:version="1.0">
      <object ref="StorageService.{i}." requirement="present">
        <parameter ref="Enable" requirement="readWrite"/>
        <parameter ref="PhysicalMediumNumberOfEntries" requirement="readOnly"/>
        <parameter ref="LogicalVolumeNumberOfEntries" requirement="readOnly"/>
      </object>
      <object ref="StorageService.{i}.Capabilities." requirement="present">
        <parameter ref="FTPCapable" requirement="readOnly"/>
        <parameter ref="SFTPCapable" requirement="readOnly"/>
        <parameter ref="HTTPCapable" requirement="readOnly"/>
        <parameter ref="HTTPSCapable" requirement="readOnly"/>
        <parameter ref="HTTPWritable" requirement="readOnly"/>
        <parameter ref="SupportedNetworkProtocols" requirement="readOnly"/>
        <parameter ref="SupportedFileSystemTypes" requirement="readOnly"/>
        <parameter ref="VolumeEncryptionCapable" requirement="readOnly"/>
      </object>
      <object ref="StorageService.{i}.NetInfo." requirement="present">
        <parameter ref="HostName" requirement="readWrite"/>
        <parameter ref="DomainName" requirement="readWrite"/>
      </object>
      <object ref="StorageService.{i}.NetworkServer." requirement="present">
        <parameter ref="AFPEnable" requirement="readOnly"/>
        <parameter ref="NFSEnable" requirement="readOnly"/>
        <parameter ref="SMBEnable" requirement="readOnly"/>
        <parameter ref="NetworkProtocolAuthReq" requirement="readOnly"/>
      </object>
      <object ref="StorageService.{i}.PhysicalMedium.{i}." requirement="present">
        <parameter ref="Name" requirement="readOnly"/>
        <parameter ref="Vendor" requirement="readOnly"/>
        <parameter ref="Model" requirement="readOnly"/>
        <parameter ref="SerialNumber" requirement="readOnly"/>
        <parameter ref="FirmwareVersion" requirement="readOnly"/>
        <parameter ref="ConnectionType" requirement="readOnly"/>
        <parameter ref="Removable" requirement="readOnly"/>
        <parameter ref="Capacity" requirement="readOnly"/>
        <parameter ref="Status" requirement="readOnly"/>
        <parameter ref="SMARTCapable" requirement="readOnly"/>
        <parameter ref="HotSwappable" requirement="readOnly"/>
      </object>
      <object ref="StorageService.{i}.LogicalVolume.{i}." requirement="present">
        <parameter ref="Name" requirement="readOnly"/>
        <parameter ref="Status" requirement="readOnly"/>
        <parameter ref="Enable" requirement="readOnly"/>
        <parameter ref="PhysicalReference" requirement="readOnly"/>
        <parameter ref="FileSystem" requirement="readOnly"/>
        <parameter ref="Capacity" requirement="readOnly"/>
        <parameter ref="UsedSpace" requirement="readOnly"/>
        <parameter ref="Encrypted" requirement="readOnly"/>
        <parameter ref="FolderNumberOfEntries" requirement="readOnly"/>
      </object>
      <object ref="StorageService.{i}.LogicalVolume.{i}.Folder.{i}." requirement="present">
        <parameter ref="Name" requirement="readOnly"/>
        <parameter ref="Enable" requirement="readOnly"/>
        <parameter ref="UserAccountAccess" requirement="readOnly"/>
      </object>
    </profile>
    <profile name="UserAccess:1" dmr:version="1.0">
      <object ref="StorageService.{i}." requirement="present">
        <parameter ref="UserAccountNumberOfEntries" requirement="readOnly"/>
      </object>
      <object ref="StorageService.{i}.NetworkServer." requirement="present">
        <parameter ref="NetworkProtocolAuthReq" requirement="readWrite"/>
      </object>
      <object ref="StorageService.{i}.UserAccount.{i}." requirement="createDelete">
        <parameter ref="Enable" requirement="readWrite"/>
        <parameter ref="Username" requirement="readWrite"/>
        <parameter ref="Password" requirement="readWrite"/>
      </object>
      <object ref="StorageService.{i}.LogicalVolume.{i}.Folder.{i}." requirement="present">
        <parameter ref="UserAccountAccess" requirement="readWrite"/>
        <parameter ref="UserAccessNumberOfEntries" requirement="readOnly"/>
      </object>
      <object ref="StorageService.{i}.LogicalVolume.{i}.Folder.{i}.UserAccess.{i}." requirement="createDelete">
        <parameter ref="UserReference" requirement="readWrite"/>
        <parameter ref="Permissions" requirement="readWrite"/>
      </object>
    </profile>
    <profile name="GroupAccess:1" extends="UserAccess:1" dmr:version="1.0">
      <object ref="StorageService.{i}." requirement="present">
        <parameter ref="UserGroupNumberOfEntries" requirement="readOnly"/>
      </object>
      <object ref="StorageService.{i}.UserGroup.{i}." requirement="createDelete">
        <parameter ref="Enable" requirement="readWrite"/>
        <parameter ref="GroupName" requirement="readWrite"/>
      </object>
      <object ref="StorageService.{i}.UserAccount.{i}." requirement="createDelete">
        <parameter ref="UserGroupParticipation" requirement="readWrite"/>
      </object>
      <object ref="StorageService.{i}.LogicalVolume.{i}.Folder.{i}.GroupAccess.{i}." requirement="createDelete">
        <parameter ref="GroupReference" requirement="readWrite"/>
        <parameter ref="Permissions" requirement="readWrite"/>
      </object>
    </profile>
    <profile name="FTPServer:1" dmr:version="1.0">
      <object ref="StorageService.{i}.FTPServer." requirement="present">
        <parameter ref="Enable" requirement="readWrite"/>
        <parameter ref="Status" requirement="readOnly"/>
        <parameter ref="MaxNumUsers" requirement="readWrite"/>
        <parameter ref="IdleTime" requirement="readWrite"/>
        <parameter ref="PortNumber" requirement="readWrite"/>
      </object>
      <object ref="StorageService.{i}.FTPServer.AnonymousUser." requirement="present">
        <parameter ref="Enable" requirement="readWrite"/>
        <parameter ref="StartingFolder" requirement="readWrite"/>
        <parameter ref="ReadOnlyAccess" requirement="readWrite"/>
      </object>
    </profile>
    <profile name="SFTPServer:1" extends="FTPServer:1 UserAccess:1" dmr:version="1.0">
      <object ref="StorageService.{i}.UserAccount.{i}." requirement="present">
        <parameter ref="AllowFTPAccess" requirement="readWrite"/>
      </object>
      <object ref="StorageService.{i}.SFTPServer." requirement="present">
        <parameter ref="Enable" requirement="readWrite"/>
        <parameter ref="Status" requirement="readOnly"/>
        <parameter ref="MaxNumUsers" requirement="readWrite"/>
        <parameter ref="IdleTime" requirement="readWrite"/>
        <parameter ref="PortNumber" requirement="readWrite"/>
      </object>
    </profile>
    <profile name="HTTPServer:1" dmr:version="1.0">
      <object ref="StorageService.{i}.HTTPServer." requirement="present">
        <parameter ref="Enable" requirement="readWrite"/>
        <parameter ref="Status" requirement="readOnly"/>
        <parameter ref="MaxNumUsers" requirement="readWrite"/>
        <parameter ref="IdleTime" requirement="readWrite"/>
        <parameter ref="HTTPWritingEnabled" requirement="readOnly"/>
        <parameter ref="PortNumber" requirement="readWrite"/>
        <parameter ref="AuthenticationReq" requirement="readWrite"/>
      </object>
    </profile>
    <profile name="HTTPSServer:1" extends="HTTPServer:1 UserAccess:1" dmr:version="1.0">
      <object ref="StorageService.{i}.UserAccount.{i}." requirement="present">
        <parameter ref="AllowHTTPAccess" requirement="readWrite"/>
      </object>
      <object ref="StorageService.{i}.HTTPSServer." requirement="present">
        <parameter ref="Enable" requirement="readWrite"/>
        <parameter ref="Status" requirement="readOnly"/>
        <parameter ref="MaxNumUsers" requirement="readWrite"/>
        <parameter ref="IdleTime" requirement="readWrite"/>
        <parameter ref="HTTPWritingEnabled" requirement="readOnly"/>
        <parameter ref="PortNumber" requirement="readWrite"/>
        <parameter ref="AuthenticationReq" requirement="readWrite"/>
      </object>
    </profile>
    <profile name="VolumeConfig:1" extends="Baseline:1" dmr:version="1.0">
      <object ref="StorageService.{i}.PhysicalMedium.{i}." requirement="present">
        <parameter ref="Name" requirement="readWrite"/>
      </object>
      <object ref="StorageService.{i}.LogicalVolume.{i}." requirement="createDelete">
        <parameter ref="Name" requirement="readWrite"/>
        <parameter ref="Enable" requirement="readWrite"/>
        <parameter ref="FileSystem" requirement="readOnly"/>
        <parameter ref="Capacity" requirement="readWrite"/>
      </object>
      <object ref="StorageService.{i}.LogicalVolume.{i}.Folder.{i}." requirement="createDelete">
        <parameter ref="Name" requirement="readWrite"/>
        <parameter ref="Enable" requirement="readWrite"/>
        <parameter ref="UserAccountAccess" requirement="readWrite"/>
      </object>
    </profile>
    <profile name="RAID:1" dmr:version="1.0">
      <object ref="StorageService.{i}." requirement="present">
        <parameter ref="StorageArrayNumberOfEntries" requirement="readOnly"/>
      </object>
      <object ref="StorageService.{i}.Capabilities." requirement="present">
        <parameter ref="SupportedRaidTypes" requirement="readOnly"/>
      </object>
      <object ref="StorageService.{i}.StorageArray.{i}." requirement="createDelete">
        <parameter ref="Name" requirement="readWrite"/>
        <parameter ref="Status" requirement="readOnly"/>
        <parameter ref="Enable" requirement="readWrite"/>
        <parameter ref="RaidType" requirement="readWrite"/>
        <parameter ref="UsableCapacity" requirement="readOnly"/>
        <parameter ref="PhysicalMediumReference" requirement="readWrite"/>
      </object>
    </profile>
    <profile name="FolderQuota:1" dmr:version="1.0">
      <object ref="StorageService.{i}.LogicalVolume.{i}.Folder.{i}.Quota." requirement="present">
        <parameter ref="Enable" requirement="readWrite"/>
        <parameter ref="Capacity" requirement="readWrite"/>
        <parameter ref="UsedSpace" requirement="readOnly"/>
        <parameter ref="ThresholdLimit" requirement="readWrite"/>
        <parameter ref="ThresholdReached" requirement="readOnly"/>
      </object>
    </profile>
    <profile name="VolumeThresh:1" dmr:version="1.0">
      <object ref="StorageService.{i}.LogicalVolume.{i}." requirement="present">
        <parameter ref="Capacity" requirement="readOnly"/>
        <parameter ref="ThresholdLimit" requirement="readWrite"/>
        <parameter ref="ThresholdReached" requirement="readOnly"/>
      </object>
    </profile>
    <profile name="NetServer:1" dmr:version="1.0">
      <object ref="StorageService.{i}.NetworkServer." requirement="present">
        <parameter ref="AFPEnable" requirement="readWrite"/>
        <parameter ref="NFSEnable" requirement="readWrite"/>
        <parameter ref="SMBEnable" requirement="readWrite"/>
      </object>
    </profile>
    <profile name="Baseline:2" base="Baseline:1" dmr:version="1.0">
      <parameter ref="StorageServiceNumberOfEntries" requirement="readOnly"/>
    </profile>
    <profile name="UserAccess:2" base="UserAccess:1" dmr:version="1.0">
      <object ref="StorageService.{i}.LogicalVolume.{i}.Folder.{i}.UserAccess.{i}." requirement="createDelete">
        <parameter ref="Enable" requirement="readWrite"/>
      </object>
    </profile>
    <profile name="GroupAccess:2" base="GroupAccess:1" dmr:version="1.0">
      <object ref="StorageService.{i}.LogicalVolume.{i}.Folder.{i}.GroupAccess.{i}." requirement="createDelete">
        <parameter ref="Enable" requirement="readWrite"/>
      </object>
    </profile>
  </model>
</dm:document>